SAPID,name,password,role,fullday,halfday,rh,compOff
29137562,Alejandra Paver,2e58e2e2-c90c-3c1d-e4f1-bf5aa8df2669,admin,10,10,4,1
26788157,Brynne Huntress,4044ac62-24ba-997e-fb07-6e2c7c6285ea,admin,10,4,3,2
62570444,Cherie Krolik,84119b9b-0af1-29a7-de83-cc8549bfcf8a,admin,7,3,3,1
11298253,Sutherland Beartup,09b51277-ecbd-cfe8-33fc-48d5ec672f0f,admin,8,10,4,3
83367582,Winonah Lenaghen,d2fa2c66-5838-4f6b-ac2e-9d1614c0de9b,admin,10,10,2,1
42554574,Jedd Yeates,4da96daf-e8a0-ce71-a276-3327f897edcc,user,6,1,2,2
11922863,Effie Penritt,bc9f3873-d740-46d4-1d6a-fe4cc2b706f2,admin,5,6,3,3
56904071,Cheston McLafferty,3a56aaf1-bd53-5398-ad84-a9a1e25bab0c,admin,7,9,4,1
67096700,Karrah Sprey,5eb03b15-fbc2-9bbc-0b51-0d9b6b0979c0,user,6,10,3,3
22339031,Perri McClinton,da93e5f8-d4b4-afd9-4d27-af611c1a4d4f,user,8,5,4,1
88000284,Mallissa Drohane,54674cd7-6c1d-3a6b-740f-390aa7e4f712,admin,9,10,4,3
96249029,Lark Bexley,24fadd20-c9ad-1828-1d7a-d1b71a8288e4,admin,10,3,3,2
26998237,Arley Portinari,a024a304-f162-8af4-01a1-d662254f37ba,admin,6,3,2,3
21135747,Geri Stuck,2ae4ee67-125e-69ed-fb7c-8beebdc9345e,admin,10,10,3,3
17950547,Yvon Sarsfield,87a06f0b-e046-900b-8306-ab221ea5e485,user,9,5,4,1
44299007,Alfredo Birtonshaw,4bc641c2-8220-bb00-cf68-334e3cb8242f,user,5,10,5,2
72284707,Sherilyn Downes,897165bd-afe9-16cc-d5f4-74aab1c0847f,admin,5,7,3,1
41170620,Raddie Arderne,1297c98e-6393-db5a-8be2-f3f9c8a069b9,user,5,8,5,1
80489967,Sasha Portigall,74e35102-d94d-38b0-1f09-9b5759c8a0b2,admin,5,8,3,2
95668801,Huntington Imesen,3b281336-fa27-19a3-5447-b554d230d786,admin,7,6,1,2
60746138,Jaimie Petrushka,b73d67da-3c18-15ab-e9ee-03c2d2663375,user,10,8,5,3
00310547,Faith Needham,b28b45ea-5599-9ba9-057c-90b1c99d30f1,admin,7,2,4,1
15464125,Reidar Philipeau,f0e0ff46-a149-59de-76f7-810ae80766f2,admin,8,0,3,1
53751145,Garnet Fenney,39fd5e37-866d-c025-863d-1e963b144ab8,admin,7,6,4,2
20318517,Joete Lody,03798231-7258-e877-fb5e-9f4d5377f386,admin,8,8,4,3
53210445,Garnette Upcraft,d2808580-3fae-480c-48f4-698bd4bbe4ca,user,3,2,3,1
54840836,Matt Fontaine,fdedff46-2a8c-1096-6a68-9a29cef934c2,user,5,7,2,2
56897889,Zeke Creelman,b48d2335-5fae-d40f-0f23-f41d64424b94,user,5,9,4,2
28291744,Olva Willimot,889a06fe-d979-0c4d-6c84-584ea97534dd,user,7,10,4,2
00543795,Gav Curbishley,299004b0-a822-d955-73e5-74f66ba1637e,admin,6,10,3,2
31976471,Janet Mersey,13d246c4-5d56-0189-499a-c35f479be1ea,user,7,10,3,2
97899124,Lowe Connaughton,3a2ec2fd-bdd1-0307-485f-9faef9a141ac,user,9,7,5,3
20670621,Bear Freschi,ee0178b6-edc1-3695-d7ac-f056ba0c744c,admin,9,4,3,2
26504216,Wallace Lortzing,b8588eb5-110b-6277-e040-ec12e689614a,user,8,10,5,3
85321980,Josephine Mowlam,023f5ccf-5a37-949e-86a9-d4dec8b63c99,admin,8,6,4,2
75706850,Honey Petrusch,1bd76d4f-af62-7b26-fca1-d7ef76075547,user,8,10,4,3
07867316,Jeanne Wallenger,ceb5c090-a09b-f782-cd39-ae6370d3db13,admin,9,10,3,2
52969965,Timoteo Doyley,7c91fc27-e4f8-5e04-0255-256ff7ceb653,user,6,10,2,1
54842400,Munroe Mowling,a0f4f244-208b-1258-24ee-92e00f383702,user,6,2,4,2
58750110,Gorden Dunkerley,4c9d87bd-5ef8-a3cb-93dd-288b9cf07144,admin,7,7,4,3
26378979,Westbrook Fayers,abe5f4cc-7c4f-95c2-59a5-f065cccf2329,admin,8,10,3,1
46763053,Stu Chadwell,3d18af6d-8a37-c12b-936b-32d743183ca3,admin,8,10,4,3
91247158,Kristi Testro,9615c57d-69ca-4242-f782-3512ce57b000,user,8,3,3,1
87750675,Christian Gebbe,33cab00f-c3c2-d55c-627b-941b8859aa50,admin,8,10,4,2
42875679,Serge Steljes,b7c96d6d-db99-65b8-9d2e-7c64c5936cc8,admin,8,5,5,1
06493856,Daune Pashan,6ba6282b-18ac-0b28-e988-ebaf7cb5f10c,admin,6,10,1,3
54170003,Essy Dozdill,88256af7-c064-078c-f5bc-366af8317801,user,9,10,4,1
93681704,Harcourt Balcon,24ef2b3c-d3da-2475-4a8d-94a276b552d8,user,9,9,3,3
37830539,Frazier Harmson,1e1c0c39-f14c-870d-bc05-3a29d3fab5bb,admin,4,7,5,3
43287943,Jackson Mulqueeny,23712e6b-d5f6-e201-dba3-5cf9c8c6e4a3,user,7,10,5,2
61916124,Dulci Physick,6166659a-cdb0-18a0-1c33-0bde93570e46,admin,10,10,3,1
51233927,Esdras O'Neal,6ae775c6-68c2-b9fe-178f-2e29c0cb8952,admin,6,3,3,2
63193975,Goran Scudamore,c984cc43-f9d8-5209-288a-fc4d17028044,user,10,10,3,2
60119103,North Payler,3dc39257-46da-83f3-eb05-f9a180db6e8c,admin,9,10,5,2
87220069,Maxie Dunlop,9aeab3b1-312b-5da8-7bb9-c634e7a2e6da,admin,8,2,5,1
67932832,Guenna Grundy,9536841a-6aef-f28f-de84-c764b9561477,admin,10,10,5,3
27803121,Cassondra Cartmale,0a99c226-db4d-122c-0821-60e805518de2,user,5,10,5,2
33716446,Adriaens Postgate,2d139093-172c-7325-9b9c-15bb00f30db3,user,8,6,3,1
05653352,Louella Dore,17b0c728-c46a-ec4f-1a22-1507f4744a6e,user,9,10,4,2
31138305,Moore Rattry,ef7c9e06-873d-009c-f886-3a22f3391926,admin,8,6,3,2
85193676,Adelle Carrier,f2ac7b9e-54c0-5c37-902a-00208df27285,user,8,7,4,1
62831976,Cesaro Clewley,ee5e2811-3edb-cb70-b3e8-d62611b0d765,admin,5,10,4,3
29873824,Fredrika Havenhand,d261d46e-0668-ea53-3cc2-9dafeb1eed73,admin,4,9,3,1
34531281,Cally Robecon,4fab4237-2720-20b1-13ed-c68cbe21273b,admin,6,3,5,2
14882190,Karlis Maymond,efa52c5c-ddc7-b762-f5c6-f49189c54f84,admin,9,6,5,1
72790597,Dell Goude,962ad7f3-f506-a81f-9516-52b895a1dc65,admin,8,6,4,2
59351338,Ammamaria Allston,aeda62e7-fbde-9ddb-5fbb-f98b3670fa8d,admin,8,10,2,1
37059669,Kenneth Rao,084afea0-d62f-5510-c997-0a0ea716ad71,admin,8,9,2,1
91869080,Ellary Lewson,2ea34d48-ef63-5ed0-ae67-83deb3f7963f,admin,8,4,4,1
56969441,Tanner Polson,56152d73-4d5e-dc44-b774-42df40c3ff43,admin,7,8,5,3
77267958,Fleurette Quantick,4aae837d-30a1-bba7-4b39-a9ebd0851c45,user,8,10,4,3
98890107,Sheff Ferron,ee1c741d-cf71-a305-8c80-63438d71c160,admin,10,6,3,2
74308618,Terrance Gillice,41121739-e4af-3c2d-9ff4-04a48799b65c,admin,5,10,3,1
94871328,Sile MacLese,91c0d6f0-a558-3e45-c313-7faba2bcd097,admin,4,10,2,1
51026663,Caspar Meates,4e096be6-73cf-7429-b8c1-4ff5d79f0512,admin,8,1,2,2
79219873,Monro Conkey,0af1bf1a-b7eb-6a4e-c6da-2d263faa06c4,user,10,9,3,3
70270017,Berton Waddy,babccf71-0985-0c29-d618-12652046692b,admin,9,9,5,2
27530922,Humbert Tuson,d53c7a62-be13-5aec-954c-45b84487da23,user,10,10,3,2
76775581,Henriette Catterell,54d0d8a6-1a12-008b-d89c-014291d42d4c,user,9,3,4,1
19552941,Beaufort Curner,10d0076c-d7c9-d903-4df4-16df0a47c865,admin,8,10,4,1
48770807,Linzy Orrey,0c5beb66-c86b-585d-c66a-db89c5d69153,user,4,9,4,1
00590827,Elna Cummine,95ab1a6e-137c-9baf-bd90-53c4abcab783,user,10,9,4,1
59417214,Gerri Buckie,f9b68b4f-2e84-e027-8ea2-3863928b17a6,admin,4,8,4,3
31126171,Opaline Kinker,3f860375-86ee-fa75-516e-e1cc0c8120ac,admin,10,8,3,1
64140339,Rossie Simonetto,179cab49-2b1b-b8b2-896b-d9b7343f2f30,user,7,10,3,1
03990594,Janette Iliff,7589892d-7202-c4c9-5186-4560ff37077c,admin,9,6,3,1
82924882,Franky Riccione,43e6fe6f-a954-9d79-d7e0-6292f6a80ded,admin,6,8,3,2
76250770,Keely Wield,a1f974ac-6b93-b1e0-8d51-5842b2763df5,admin,9,10,4,1
11860942,Godart Hadrill,0eced8fc-6de5-7870-0ba5-8a5bd8590fe8,admin,10,10,4,1
92064272,Margaux Cupper,3a1923f6-6c5b-84dc-2cfa-8d7153ce0d41,admin,8,9,2,1
80492492,Marga Orgee,04330e97-5edd-e12d-3d80-0473275d90ae,admin,10,10,2,1
22174534,Myrah Maxweell,ba354a5a-a125-5d33-1b45-68e08f8f4395,admin,7,8,4,1
10709775,Carly Cabbell,84a1b7dc-f720-338c-9ad9-1045c079f2a6,admin,6,5,3,2
39103532,Tillie Clethro,27609c4e-02b2-1c91-35d0-7421dc091bb0,admin,9,7,4,1
23884162,Frank Fache,847c6872-cb5f-1e10-1cfc-d5d3cc4e4f52,user,10,6,3,2
14969800,Cecile Shawyers,e5f9b9a4-ef9b-a4f0-25d9-3196bb04cbda,admin,10,7,1,2
19216478,Lisette Norres,b9a8a291-891e-1499-147b-3200415ac24f,admin,8,10,4,1
35227555,Kevyn McCorkindale,55d04c22-8c7f-52d9-2806-f51c8d1702d1,user,9,10,4,2
96160365,Thor Jewsbury,7f36f0e6-6ffe-96e0-59ec-f9aa0d832328,admin,7,10,3,2
77256966,Brandyn Lathan,df857a10-63f2-5be3-722f-b4c52aeb3a7c,user,10,9,2,1
